{
	"IcoMoonType": "selection",
	"icons": [
		{
			"icon": {
				"paths": [
					"M544 0l-96 96 96 96-224 256h-224l176 176-272 360.616v39.384h39.384l360.616-272 176 176v-224l256-224 96 96 96-96-480-480zM448 544l-64-64 224-224 64 64-224 224z"
				],
				"tags": [
					"pushpin",
					"pin"
				],
				"defaultCode": 59718,
				"grid": 16,
				"attrs": []
			},
			"attrs": [],
			"properties": {
				"ligatures": "pushpin, pin",
				"name": "b",
				"order": 2,
				"id": 71,
				"prevSize": 32,
				"code": 98
			},
			"setIdx": 0,
			"setId": 1,
			"iconIdx": 70
		},
		{
			"icon": {
				"paths": [
					"M1024 0h-416l160 160-192 192 96 96 192-192 160 160z",
					"M1024 1024v-416l-160 160-192-192-96 96 192 192-160 160z",
					"M0 1024h416l-160-160 192-192-96-96-192 192-160-160z",
					"M0 0v416l160-160 192 192 96-96-192-192 160-160z"
				],
				"tags": [
					"enlarge",
					"expand",
					"maximize",
					"fullscreen"
				],
				"defaultCode": 59785,
				"grid": 16,
				"attrs": []
			},
			"attrs": [],
			"properties": {
				"ligatures": "enlarge, expand",
				"name": "c",
				"order": 4,
				"id": 138,
				"prevSize": 32,
				"code": 99
			},
			"setIdx": 0,
			"setId": 1,
			"iconIdx": 137
		},
		{
			"icon": {
				"paths": [
					"M576 448h416l-160-160 192-192-96-96-192 192-160-160z",
					"M576 576v416l160-160 192 192 96-96-192-192 160-160z",
					"M448 575.996h-416l160 160-192 192 96 96 192-192 160 160z",
					"M448 448v-416l-160 160-192-192-96 96 192 192-160 160z"
				],
				"tags": [
					"shrink",
					"collapse",
					"minimize",
					"contract"
				],
				"defaultCode": 59786,
				"grid": 16,
				"attrs": []
			},
			"attrs": [],
			"properties": {
				"ligatures": "shrink, collapse",
				"name": "d",
				"order": 3,
				"id": 139,
				"prevSize": 32,
				"code": 100
			},
			"setIdx": 0,
			"setId": 1,
			"iconIdx": 138
		},
		{
			"icon": {
				"paths": [
					"M128 320v640c0 35.2 28.8 64 64 64h576c35.2 0 64-28.8 64-64v-640h-704zM320 896h-64v-448h64v448zM448 896h-64v-448h64v448zM576 896h-64v-448h64v448zM704 896h-64v-448h64v448z",
					"M848 128h-208v-80c0-26.4-21.6-48-48-48h-224c-26.4 0-48 21.6-48 48v80h-208c-26.4 0-48 21.6-48 48v80h832v-80c0-26.4-21.6-48-48-48zM576 128h-192v-63.198h192v63.198z"
				],
				"tags": [
					"bin",
					"trashcan",
					"remove",
					"delete",
					"recycle",
					"dispose"
				],
				"defaultCode": 59820,
				"grid": 16,
				"attrs": []
			},
			"attrs": [],
			"properties": {
				"ligatures": "bin, trashcan",
				"name": "a",
				"order": 8,
				"id": 173,
				"prevSize": 32,
				"code": 97
			},
			"setIdx": 0,
			"setId": 1,
			"iconIdx": 172
		},
		{
			"icon": {
				"paths": [
					"M128 320h640v192l256-256-256-256v192h-768v384h128zM896 704h-640v-192l-256 256 256 256v-192h768v-384h-128z"
				],
				"tags": [
					"loop",
					"repeat",
					"player"
				],
				"defaultCode": 59949,
				"grid": 16,
				"attrs": []
			},
			"attrs": [],
			"properties": {
				"ligatures": "loop, repeat",
				"name": "e",
				"order": 5,
				"id": 302,
				"prevSize": 32,
				"code": 101
			},
			"setIdx": 0,
			"setId": 1,
			"iconIdx": 301
		},
		{
			"icon": {
				"paths": [
					"M896 0h-768c-70.4 0-128 57.6-128 128v768c0 70.4 57.6 128 128 128h768c70.4 0 128-57.6 128-128v-768c0-70.4-57.6-128-128-128zM896 896h-768v-768h768v768z"
				],
				"tags": [
					"checkbox-unchecked",
					"checkbox",
					"unchecked",
					"square"
				],
				"defaultCode": 59987,
				"grid": 16,
				"attrs": []
			},
			"attrs": [],
			"properties": {
				"ligatures": "checkbox-unchecked, checkbox2",
				"name": "g",
				"order": 6,
				"id": 340,
				"prevSize": 32,
				"code": 103
			},
			"setIdx": 0,
			"setId": 1,
			"iconIdx": 339
		},
		{
			"icon": {
				"paths": [
					"M864 704c-45.16 0-85.92 18.738-115.012 48.83l-431.004-215.502c1.314-8.252 2.016-16.706 2.016-25.328s-0.702-17.076-2.016-25.326l431.004-215.502c29.092 30.090 69.852 48.828 115.012 48.828 88.366 0 160-71.634 160-160s-71.634-160-160-160-160 71.634-160 160c0 8.622 0.704 17.076 2.016 25.326l-431.004 215.504c-29.092-30.090-69.852-48.83-115.012-48.83-88.366 0-160 71.636-160 160 0 88.368 71.634 160 160 160 45.16 0 85.92-18.738 115.012-48.828l431.004 215.502c-1.312 8.25-2.016 16.704-2.016 25.326 0 88.368 71.634 160 160 160s160-71.632 160-160c0-88.364-71.634-160-160-160z"
				],
				"tags": [
					"share",
					"social"
				],
				"defaultCode": 60034,
				"grid": 16,
				"attrs": []
			},
			"attrs": [],
			"properties": {
				"ligatures": "share2, social",
				"name": "f",
				"order": 7,
				"id": 387,
				"prevSize": 32,
				"code": 102
			},
			"setIdx": 0,
			"setId": 1,
			"iconIdx": 386
		}
	],
	"height": 1024,
	"metadata": {
		"name": "icomoon"
	},
	"preferences": {
		"showGlyphs": true,
		"showQuickUse": true,
		"showQuickUse2": true,
		"showSVGs": true,
		"fontPref": {
			"prefix": "icon-",
			"metadata": {
				"fontFamily": "icomoon",
				"majorVersion": 1,
				"minorVersion": 0
			},
			"metrics": {
				"emSize": 1024,
				"baseline": 6.25,
				"whitespace": 50
			},
			"embed": false,
			"noie8": false,
			"ie7": false,
			"showSelector": false,
			"showMetrics": false,
			"showMetadata": false,
			"showVersion": false
		},
		"imagePref": {
			"prefix": "icon-",
			"png": true,
			"useClassSelector": true,
			"color": 0,
			"bgColor": 16777215,
			"classSelector": ".icon"
		},
		"historySize": 100,
		"showCodes": true,
		"gridSize": 16
	}
}